{"sim_id": "2025-06-18 14:34:29.859144337000", "results": {"votes": [0.05333333333333334, 0.9066666666666666, 0.04], "vse": 0.860038800491483}}