{
    "final_distances": [
        208.04634132182767,
        217.54362438696236,
        207.5343576178038,
        225.23030229307972,
        232.7151034310522,
        264.72084262642176,
        213.5757787539941,
        183.64673802872323,
        220.12959582727817,
        209.62873543710177
    ],
    "mean_distances": 218.27714197242443,
    "var_distances": 393.40274599540817,
    "mean_convergence_time": 10.0,
    "cpu_time": 1.7457980155944823
}