{
    "final_distances": [
        28108.203849693306,
        27271.650128387013,
        27500.490113786804,
        26780.492894554995,
        26686.708909488858,
        26889.782681974353,
        28067.973183261645,
        27767.231031661093,
        27286.36053987865,
        26755.307574654977
    ],
    "mean_distances": 27311.420090734173,
    "var_distances": 261214.4641455139,
    "mean_convergence_time": 10.0,
    "cpu_time": 39.097874879837036
}