{
    "final_distances": [
        3294.129039226735,
        2973.5108049719174,
        2791.4569707977257,
        3241.6545316996076,
        3330.405827388763,
        3159.559936929272,
        3259.442958014724,
        3228.8508221872544,
        3066.7294713232745,
        3112.67824153287
    ],
    "mean_distances": 3145.8418604072144,
    "var_distances": 24786.213440168336,
    "mean_convergence_time": 100.0,
    "cpu_time": 2.367523527145386
}