{
    "final_distances": [
        221.45466113558987,
        245.97143803028357,
        211.05888220215678,
        202.58881550966063,
        203.5613223503995,
        219.45276882004734,
        206.23025575406717,
        213.90226528039554,
        245.2558499293883,
        220.42831131612795
    ],
    "mean_distances": 218.99045703281163,
    "var_distances": 218.4892011565966,
    "mean_convergence_time": 10.0,
    "cpu_time": 0.5721439123153687
}