{
    "final_distances": [
        20014.042509240913,
        21213.507819727078,
        21045.4490919102,
        20825.56717346791,
        22128.228885534896,
        20591.744320577196,
        19964.74789102047,
        20628.014364641673,
        20604.935502942863,
        21153.405895541488
    ],
    "mean_distances": 20816.964345460467,
    "var_distances": 354447.2370886541,
    "mean_convergence_time": 10.0,
    "cpu_time": 271.5465359210968
}