{
    "final_distances": [
        5177540.599570143,
        5251747.605565673,
        5158171.651738905,
        5061355.821466691,
        5176777.970512876,
        5090911.574698645,
        5195635.792091652,
        5055632.8671055995,
        5175388.6763479505,
        5125124.979776404
    ],
    "mean_distances": 5146828.753887454,
    "var_distances": 3539469264.1703963,
    "mean_convergence_time": 10.0,
    "cpu_time": 131.9597218513489
}