{
    "final_distances": [
        26733.57656770728,
        26549.720937817387,
        26538.362830885646,
        28436.31025264918,
        27822.12536544671,
        26786.75311111324,
        26786.408291874162,
        26678.06969731279,
        27602.10777204809,
        27598.87259139464
    ],
    "mean_distances": 27153.230741824915,
    "var_distances": 390683.9134069226,
    "mean_convergence_time": 100.0,
    "cpu_time": 38.24833199977875
}