{
    "final_distances": [
        228.50702833179324,
        226.61244494132038,
        202.02571530517798,
        295.93588356385607,
        194.69955449161506,
        189.91135289912117,
        219.192146086428,
        216.40727934276333,
        227.4611550058019,
        199.6137306595477
    ],
    "mean_distances": 220.0366290627425,
    "var_distances": 823.5682173764228,
    "mean_convergence_time": 100.0,
    "cpu_time": 0.3879478693008423
}