{
    "final_distances": [
        254.00270289063766,
        254.85532401695428,
        250.80879248706216,
        253.87572515505792,
        290.06375992475296,
        243.98864154959415,
        254.0758416908529,
        254.7349025632876,
        269.53066559927817,
        254.06270389318166
    ],
    "mean_distances": 257.9999059770659,
    "var_distances": 149.35117752607852,
    "mean_convergence_time": 65.0,
    "cpu_time": 0.24479923248291016
}