{
    "final_distances": [
        21523.12841442516,
        20752.74942705026,
        21609.632178441265,
        21383.778727199093,
        20488.20887256085,
        21859.61377230282,
        21943.956414431676,
        21550.446770370665,
        22048.57603315066,
        21275.391754705477
    ],
    "mean_distances": 21443.548236463794,
    "var_distances": 225664.6978417209,
    "mean_convergence_time": 100.0,
    "cpu_time": 10.529150223731994
}