{
    "final_distances": [
        21722.801829245353,
        22033.65602818988,
        21026.66747337903,
        21024.235528310634,
        21347.196414420665,
        19800.284742255124,
        21554.321646011394,
        21064.99966819881,
        20749.093199731433,
        20766.304280839246
    ],
    "mean_distances": 21108.956081058157,
    "var_distances": 346239.8913477333,
    "mean_convergence_time": 10.0,
    "cpu_time": 12.4136647939682
}