{
    "final_distances": [
        20469.324671651586,
        21135.218821970237,
        21079.686770854933,
        19971.550720008967,
        21085.928697204283,
        23913.21842449242,
        20703.017561912595,
        21019.580234816538,
        20721.891964106308,
        20997.668868209676
    ],
    "mean_distances": 21109.708673522753,
    "var_distances": 990375.5204172066,
    "mean_convergence_time": 100.0,
    "cpu_time": 9.851552033424378
}