{
    "final_distances": [
        2948.1292940710587,
        2955.884494469688,
        3068.1484852636972,
        2883.848925631889,
        3054.8374121265506,
        3219.3943740466166,
        2879.7978681914497,
        2961.240343251114,
        3035.914597202911,
        2787.744531470588
    ],
    "mean_distances": 2979.494032572556,
    "var_distances": 13200.122790855374,
    "mean_convergence_time": 10.0,
    "cpu_time": 32.354794120788576
}