{
    "final_distances": [
        3451.6074392817904,
        3062.8808336597754,
        3151.7309459437256,
        3059.7030969831776,
        3221.768001774784,
        3040.883242290961,
        3243.191769227336,
        3170.197033947004,
        3227.1781753451537,
        3041.630216017735
    ],
    "mean_distances": 3167.077075447144,
    "var_distances": 14764.727813757563,
    "mean_convergence_time": 99.1,
    "cpu_time": 2.267364978790283
}