{
    "final_distances": [
        169.7672684305565,
        154.9041901175486,
        170.64186943137884,
        143.6642595775454,
        166.03211082936127,
        178.32947188200706,
        176.23854063718622,
        182.77260367402533,
        153.1854404270735,
        154.03344222330995
    ],
    "mean_distances": 164.95691972299926,
    "var_distances": 149.24376942206857,
    "mean_convergence_time": 10.0,
    "cpu_time": 1.8342495441436768
}